Business & Finance,Crime,Explainers,Technology & Health,Politics,Entertainment
Campaign Finance,War on Drugs,Vox,Neuroscience,Joe Biden,Music
Labor Market,Social Policy,The Latest,Space,Hillary Clinton,Television
Economic Mobility,Identities,Xpress,Genetics,Politics,Serial
Carly Fiorina,Marijuana Legalization,Interviews,Health Care,Congress,Emmy Awards
Small Business,Race in America,Best of 2014,Infectious Disease,2016 Presidential Election,Orange Is the New Black
Business & Finance,Gender-Based Violence,Features,Obamacare,Ted Cruz,True Detective
,Supreme Court ,Sentences,Ebola,Jeb Bush,MTV VMAs
,Gender Equality,Gift Guides,Reproductive Health,Global Governance,"True Detective, Season 2"
,Marriage Equality,Video,Science & Health,2014 Midterm Elections,Gilmore Girls
,Human Rights,One Change to Save the World,Technology,Mike Pence,Fear the Walking Dead
,Gun Violence,Mischiefs of Faction,Apple,Bernie Sanders,2016 Golden Globes
,ISIS,Podcasts,Net Neutrality,Marco Rubio,Mad Men
,LGBTQ,Weeds in the Wild,Conversations,Donald Trump,The Americans
,Officer-Involved Shootings,Best of 2016,Internet Culture,Debates,2016 Grammys
,Israel-Palestine Conflict,Strikethrough,Telecoms,Polyarchy,Game of Thrones
,Religion,I Think You're Interesting,,2016ish,"Game of Thrones, season 5, episode 1"
,Voting Rights,Vox Sentences,,Policy,"Mad Men, season 7"
,NSA,Transport,,Pentagon,"Mad Men, season 7, episode 8"
,Internet Security,Education,,Terrorism,"Mad Men, season 7, episode 9"
,Hate Crimes,Natural Disasters,,Obama Administration,"Mad Men, season 7, episode 9"
,Social Programs,Almanac & Life,,Grist,"Game of Thrones, season 5, episode 2"
,Criminal Justice,Climate Change,,Poverty,"Mad Men, season 7, episode 10"
,Transportation,Almanac,,Politics & Policy,"Mad Men, season 7, episode 11"
,,Life,,,"Game of Thrones, season 5, episode 3"
,,Culture,,,"Game of Thrones, season 5, episode 4"
,,Science of Everyday Life,,,"Mad Men, season 7, episode 12"
,,The Big Idea,,,"Game of Thrones, season 6"
,,First Person,,,"Mad Men, season 7, episode 13"
,,North Korea,,,"Mad Men, season 7, episode 14"
,,Immigration,,,"Hannibal, season 3"
,,Energy & Environment,,,"Game of Thrones, season 5, episode 10"
,,Syria,,,"True Detective, Season 2, Episode 1"
,,Russia,,,Mr. Robot
,,Scotland,,,"True Detective, Season 2, Episode 2"
,,Maps,,,"True Detective Season 2, Episode 3"
,,Cuba,,,"True Detective, Season 2, Episode 4"
,,China,,,"True Detective, Season 2, Episode 5"
,,World,,,"True Detective Season 2, Episode 6"
,,,,,"True Detective Season 2, Episode 7"
,,,,,UnReal
,,,,,"True Detective Season 2, Episode 8"
,,,,,"Fear the Walking Dead, season 1, episode 1"
,,,,,"Fear the Walking Dead, season 1, episode 2"
,,,,,"Fear the Walking Dead, Season 1"
,,,,,The Walking Dead
,,,,,Making a Murderer
,,,,,"Game of Thrones, season 6, episode 1"
,,,,,"Game of Thrones, season 6, episode 2"
,,,,,"Game of Thrones season 6, episode 3"
,,,,,"Game of Thrones, season 6, episode 4"
,,,,,"Game of Thrones, season 6, episode 5"
,,,,,"Game of Thrones, season 6, episode 6"
,,,,,"Game of Thrones, season 6, episode 7"
,,,,,"Game of Thrones, season 6, episode 9"
,,,,,"Game of Thrones, season 6, episode 10"
,,,,,The Night Of
,,,,,"Westworld, season 1"
,,,,,"Black Mirror, Season 3"
,,,,,Hannibal
,,,,,Movies
,,,,,Star Wars
,,,,,Hollywood
,,,,,Marvel
,,,,,Avengers: Age of Ultron
,,,,,Oscars
,,,,,Reviews
,,,,,Ant-Man
,,,,,New Money
,,,,,Celebrities
,,,,,Movie of the Week
,,,,,Episode of the Week
,,,,,On Instagram
,,,,,On Snapchat
,,,,,Media
,,,,,Comic Books
,,,,,Dear Julia
,,,,,Show Me the Evidence
,,,,,Books
,,,,,NFL
,,,,,College Football
,,,,,2016 Rio Olympics
,,,,,Super Bowl 51
,,,,,Sports
